Grouping_id,Class,Modular type,Cross language Constructional fracture,Minimal-Maximal fracture,Language specific constructional fracture,Overlap,Overlap_pos,Language,Left.span,Right.span,Size,Converge#,Largest,Relative Layer Size,Positions_total,Notes,
cay03_InterruptabilityBoundComplex,Noninterruptability,Morphosyntactic,Bound complex,Maximal,Complex,V,2,Central Alaskan Yupik,2,18,17,1,17,1,25,,
cay08_Repetition.Embedding.Composite,Subspan repetition,Morphosyntactic,Part of speech change,,,V,2,Central Alaskan Yupik,3,4,2,1,17,0.117647059,25,,
cay01_Nonpermutabilitystrict,Nonpermutability,Morphosyntactic,Strict,,,V,2,Central Alaskan Yupik,2,2,1,1,17,0.058823529,25,,
cay11_Deviations.Biuniqueness.Person.Number,Complex exponence,Indeterminate,Local suppletion,,Suppletion,V,2,Central Alaskan Yupik,13,16,4,1,17,0.235294118,25,,
cay09_Repetition.Embedding.Complementation.say,Subspan repetition,Morphosyntactic,Complementation say,,say.that,V,2,Central Alaskan Yupik,2,7,6,1,17,0.352941176,25,,
cay10_Deviations.Biuniqueness.Mood.Governor,Complex exponence,Indeterminate,Nonlocal suppletion,,Suppletion,V,2,Central Alaskan Yupik,11,16,6,1,17,0.352941176,25,,
cay02_InterruptabilityFree,Noninterruptability,Morphosyntactic,Free Simplex,,,V,2,Central Alaskan Yupik,2,16,15,7,17,0.882352941,25,,
cay06_ciscategorialselectionminimal,Ciscategorial selection,Morphosyntactic,,Minimal,,V,2,Central Alaskan Yupik,4,16,13,1,17,0.764705882,25,,
cay20_Ciscategorialselectionmaximal,Ciscategorial selection,Morphosyntactic,,Maximal,,V,2,Central Alaskan Yupik,2,16,15,7,17,0.882352941,25,,
cay13_Suprasegmental.Stress.CVCVCiambidexcluded,Suprasegmental: Stress,Phonological,,,Stress,V,2,Central Alaskan Yupik,2,16,15,7,17,0.882352941,25,,
cay14_Suprasegmental.Footing.CVC.Cvincluded,Suprasegmental: Stress,Phonological,,,Trochaic,V,2,Central Alaskan Yupik,2,20,19,2,17,1.117647059,25,,
cay16_Freedomminimal,Free Occurrence,Indeterminate,,,Minimal,V,2,Central Alaskan Yupik,2,16,15,7,17,0.882352941,25,,
cay21_Freedommaximal,Free Occurrence,Indeterminate,,,,V,2,Central Alaskan Yupik,2,20,19,2,17,1.117647059,25,,
cay18_Repair,Recoverability,Indeterminate,,,Repair,V,2,Central Alaskan Yupik,2,16,15,7,17,0.882352941,25,,
cay07_Repetition.Embedding.Coordination,Subspan repetition,Morphosyntactic,,,Coordination,V,2,Central Alaskan Yupik,2,16,15,7,17,0.882352941,25,Maximal or minimal domain?,
cay19_Nonpermutabilityflexible,Nonpermutability,Morphosyntactic,Scopal,Maximal,,V,2,Central Alaskan Yupik,2,16,15,7,17,0.882352941,25,,
cha14_Stress.minimal,Suprasegmental: Stress,Phonological,,Minimal,,V,9,Chacobo,7,8,2,1,16,0.125,24,,
cha12_Devationfrombiunqueness,Exponence complexity,Indeterminate,Non-local,,,V,9,Chacobo,8,10,3,1,16,0.1875,24,,
cha16_Reduplication.oblig,Subspan repetition,Indeterminate,Reduplication,,,V,9,Chacobo,8,10,3,1,16,0.1875,24,,
cha10_Fixedorder_rigid,Permutability,Morphosyntactic,Strict,,,V,9,Chacobo,8,11,4,1,16,0.25,24,,
cha07_Interruptability_NEG,Noninterruptability,Morphosyntactic,Promiscuous,,,V,9,Chacobo,8,12,5,2,16,0.3125,24,,
cha08_Coordinability_SameSubject,Subspan repetition,Morphosyntactic,Linkage,,coordination,V,9,Chacobo,8,12,5,2,16,0.3125,24,,
cha17_Reduplication.oblig.minimality,Subspan repetition,Indeterminate,Reduplication,,,V,9,Chacobo,8,13,6,1,16,0.375,24,,
cha05_CoordinationAsyndetic,Subspan repetition,Morphosyntactic,Linkage,,coordination,V,9,Chacobo,8,14,7,2,16,0.4375,24,,
cha06_Htoneinsertion,Suprasegmental: tone,Phonological,,,tone insertion,V,9,Chacobo,8,14,7,2,16,0.4375,24,,
cha09_Fixedorder_scopal,Permutability,Morphosyntactic,Scopal,,,V,9,Chacobo,8,15,8,1,16,0.5,24,,
cha04_Interruptability_NP,Noninterruptability,Morphosyntactic,Free complex,,Complex,V,9,Chacobo,8,16,9,1,16,0.5625,24,,
cha03_Extractable,Noninterruptability,Morphosyntactic,Promiscuous,,,V,9,Chacobo,8,17,10,1,16,0.625,24,,
cha18_Reduplication.optional,Subspan repetition,Morphosyntactic,Reduplication,,,V,9,Chacobo,7,18,12,1,16,0.75,24,,
cha01_Free.minimal,Free Occurrence,Indeterminate,,Minimal,,V,9,Chacobo,8,22,15,2,16,0.9375,24,,
cha15_Minimality,Free Occurrence,Phonological,,,,V,9,Chacobo,8,22,15,2,16,0.9375,24,,
cha02_Stress.maximal,Suprasegmental: stress,Phonological,,Maximal,Culminative+Obligatory,V,9,Chacobo,8,23,16,2,16,1,24,,
cha13_Free.maximal,Free Occurrence,Phonological,,Maximal,,V,9,Chacobo,8,23,16,2,16,1,24,,
cta01_FreeOccurence_small,Free Occurrence,Indeterminate,,Minimal,,V,13,Chatino,10,13,4,8,20,0.2,20,,
cta02_Htone_culminativity,Suprasegmental: tone,Phonological,,,Culminative,V,13,Chatino,10,13,4,8,20,0.2,20,,
cta03_Vowel_hiatus,Segmental,Phonological,,,,V,13,Chatino,10,13,4,8,20,0.2,20,,
cta04_Blocking_palatal,Segmental,Phonological,,,,V,13,Chatino,10,13,4,8,20,0.2,20,,
cta05_paradigmatic_tonal_melody,Suprasegmental: tone,Phonological,,,,V,13,Chatino,10,13,4,8,20,0.2,20,,
cta06_Syllableflip,Language Play,Phonological,,,,V,13,Chatino,10,13,4,8,20,0.2,20,,
cta07_FreeOccurence_large,Free Occurrence,Morphosyntactic,,Maximal,,V,13,Chatino,10,17,8,4,20,0.4,20,,
cta08_2sg_tone,Suprasegmental,Phonological,,,,V,13,Chatino,10,13,4,8,20,0.2,20,,
cta09_Tonal_Inflectional_TAM_aux,Suprasegmental,Phonological,,,,V,13,Chatino,7,9,3,3,20,0.15,20,,
cta10_Culminative_glottal_stop,Segmental,Phonological,,,Culminativity,V,13,Chatino,7,13,7,1,20,0.35,20,,
cta17_Vowel_Hiatus,Segmental,Phonological,,,,V,13,Chatino,7,9,3,3,20,0.15,20,,
cta18_H_culminativity_aux,Suprasegmental: tone,Phonological,,,,V,13,Chatino,7,9,3,3,20,0.15,20,,
cta19_M>H_M,Suprasegmental: tone,Phonological,,,,V,13,Chatino,10,17,8,4,20,0.4,20,,
cta23_Bimorphemic_directional_nasal_spread,Suprasegmental: nasal,Phonological,,,Nasal,V,13,Chatino,10,17,8,4,20,0.4,20,,
cta24_Vowel_fusion,Segmental,Phonological,,,,V,13,Chatino,10,17,8,4,20,0.4,20,,
cta15_Culminative_nasality,Suprasegmental: nasal,Phonological,,,,V,13,Chatino,4,13,10,3,20,0.5,20,,
cta16_Length,Suprasegmental: stress,Phonological,,,,V,13,Chatino,4,13,10,3,20,0.5,20,,
cta12_Interruption_promiscuous,Noninterruptability,Morphosyntactic,Promiscuous,,,V,13,Chatino,7,14,8,2,20,0.4,20,,
cta13_Fixedorder_rigid,Nonpermutability,Phonological,Strict,,,V,13,Chatino,7,14,8,2,20,0.4,20,,
cta11_Interruption_freeform,Noninterruptability,Phonological,Free,,,V,13,Chatino,7,17,11,2,20,0.55,20,,
cta14_Fixedorder_scopal,Nonpermutability,Phonological,Flexible,,,V,13,Chatino,7,17,11,2,20,0.55,20,,
cta20_Downstep,Suprasegmental: tone,Phonological,,,,V,13,Chatino,1,20,20,3,20,1,20,,
cta21_Htonespread,Suprasegmental: tone,Phonological,,,,V,13,Chatino,1,20,20,3,20,1,20,,
cta22_Declination_pitch_reset,Suprasegmental: tone,Phonological,,,,V,13,Chatino,1,20,20,3,20,1,20,,
cta25_o_restriction,Segmental,Phonological,,,,V,13,Chatino,4,13,10,3,20,0.5,20,,
cta26_Tonal_Inflectional_TAM+A90,Suprasegmental: tone,Phonological,,,,V,13,Chatino,10,13,4,8,20,0.2,20,,
chr12_H1spreading,Suprasegmental: tone,Phonological,,,Tone spread,V,15,Cherokee,13,24,12,1,26,0.461538462,26,,
chr03_Interruptability.Promiscuous,Noninterruptability,Morphosyntactic,Promiscuous,Aspect,,V,15,Cherokee,4,15,12,1,26,0.461538462,26,,
chr15_Freedom.minimal,Free Occurrence,Morphosyntactic,,,,V,15,Cherokee,11,25,15,1,26,0.576923077,26,,
chr01_Permutability,Nonpermutability,Morphosyntactic,,,,V,15,Cherokee,4,20,17,1,26,0.653846154,26,,
chr13_H3assignment,Suprasegmental: tone,Phonological,,,Tone insertion,V,15,Cherokee,7,26,20,2,26,0.769230769,26,,
chr17_Superhigh,Suprasegmental: tone,Phonological,,,High tone,V,15,Cherokee,7,26,20,2,26,0.769230769,26,,
chr02_Interruptability.Free,Noninterruptability,Morphosyntactic,Free,,,V,15,Cherokee,4,25,22,5,26,0.846153846,26,,
chr04_Selection,Ciscategorial selection,Morphosyntactic,,,,V,15,Cherokee,4,25,22,5,26,0.846153846,26,This should be fractured into a maximal and minimal domain,
chr08_H-metathesis.minimal,Suprasegmental,Phonological,,Minimal,Metathesis,V,15,Cherokee,4,25,22,5,26,0.846153846,26,,
chr10_Syllabification.minimal,Syllabification,Phonological,,Minimal,,V,15,Cherokee,4,25,22,5,26,0.846153846,26,,
chr14_wordfinal.apocope,Segmental,Phonological,,,,V,15,Cherokee,4,25,22,5,26,0.846153846,26,,
chr09_H-metathesis.maximal,Suprasegmental: tone,Phonological,,Maximal,Metathesis,V,15,Cherokee,4,26,23,2,26,0.884615385,26,,
chr11_Syllabification.maximal,Suprasegmental: syllable,Phonological,,Maximal,,V,15,Cherokee,4,26,23,2,26,0.884615385,26,,
chr06_Nominalization.instrumental,Subspan repetition,Morphosyntactic,,,Instrumental,V,15,Cherokee,1,23,23,1,26,0.884615385,26,,
chr07_Nominalization.agentive.imperfective,Subspan repetition,Morphosyntactic,,,Agentive imperfective,V,15,Cherokee,1,24,24,1,26,0.923076923,26,,
chr05_Coordination,Subspan repetition,Morphosyntactic,,,,V,15,Cherokee,1,26,26,2,26,1,26,,
chr16_Freedom.maximal,Free Occurrence,Indeterminate,,,,V,15,Cherokee,1,26,26,2,26,1,26,,
ixil09_Deviationlexemedefining,Exponence complexity,Indeterminate,,,,V,7,Ixil,7,9,3,1,21,0.142857143,23,I forgot what this means,
ixil05_bisyllabictrochees,Suprasegmental: syllable,Phonological,,,Footing,V,7,Ixil,7,12,6,1,21,0.285714286,23,,
ixil07_Pseudoword,Suprasegmental: stress,Phonological,,,Obligatory and culminative,V,7,Ixil,1,6,6,1,21,0.285714286,23,,
ixil03_Interruptability_2pos,Noninterruptability,Morphosyntactic,,,,V,7,Ixil,6,12,7,3,21,0.333333333,23,Is it trochaic?,
ixil04_Fixedorder_rigid,Nonpermutability,Morphosyntactic,Strict,Minimal,,V,7,Ixil,6,12,7,3,21,0.333333333,23,,
ixil06_Syllabification2,Suprasegmental: syllable,Phonological,,,,V,7,Ixil,6,12,7,3,21,0.333333333,23,,
ixil01_FreeOccurence,Free Occurrence,Indeterminate,,,,V,7,Ixil,1,20,20,2,21,0.952380952,23,,
ixil02_Interruptability_NP,Noninterruptability,Morphosyntactic,,,,V,7,Ixil,1,20,20,2,21,0.952380952,23,,
ixil08_Hiatus,Segmental,Phonological,,,,V,7,Ixil,1,21,21,1,21,1,23,,
moc11_Freedom.minimal.A/S=1.A/S/P=3,Free Occurrence,Indeterminate,,Minimal,A/S=1.A/S/P=3,V,4,Mocovi,3,4,2,2,13,0.153846154,13,,
moc15_Derivational.class,Exponence complexity,Indeterminate,,,,V,4,Mocovi,3,4,2,2,13,0.153846154,13,,
moc2_Permutation2.verbclass2,Nonpermutability,Morphosyntactic,,,Verb class 2,V,4,Mocovi,4,9,6,3,13,0.461538462,13,,
moc4_Promiscuous.2p,Noninterruptability,Morphosyntactic,,,,V,4,Mocovi,4,9,6,3,13,0.461538462,13,,
moc6_Selection.V.2,Ciscategorial selection,Morphosyntactic,,,Verb class 2,V,4,Mocovi,4,9,6,3,13,0.461538462,13,,
moc7_nominalization.aGat,Subspan repetition,Morphosyntactic,Nominalization,,Nominalization,V,4,Mocovi,3,8,6,1,13,0.461538462,13,,Things that aren't CV require syllabification rules
moc1_Permutation1.verbclass1,Nonpermutability,Morphosyntactic,,,Verb class 1,V,4,Mocovi,4,10,7,2,13,0.538461538,13,,
moc12_Free.minimal.A/S=2.verbclass1,Free Occurrence,Indeterminate,,Minimal,A/S=2.verbclass1,V,4,Mocovi,4,10,7,2,13,0.538461538,13,,
moc13_Free.minimal.A/S=2.verbclass2,Free Occurrence,Indeterminate,,Minimal,A/S=2.verbclass2,V,4,Mocovi,3,10,8,1,13,0.615384615,13,,
moc5_Selection.V.1pl,Ciscategorial selection,Morphosyntactic,,,,V,4,Mocovi,4,12,9,2,13,0.692307692,13,I canÂ’t remember what this is.,
moc8_palatalization,Segmental,Phonological,,,,V,4,Mocovi,4,12,9,2,13,0.692307692,13,,
moc16_Derivations.Biuniqueness.Extended.exponence,Exponence complexity,Indeterminate,,,,V,4,Mocovi,3,11,9,1,13,0.692307692,13,,
moc3_Interruptability.>Free,Noninterruptability,Morphosyntactic,Free Complex,,,V,4,Mocovi,2,12,11,3,13,0.846153846,13,,
moc10_Stress,Suprasegmental: stress,Phonological,,,,V,4,Mocovi,2,12,11,3,13,0.846153846,13,,
moc14_Free.maximal,Free Occurrence,Morphosyntactic,,Maximal,,V,4,Mocovi,2,12,11,3,13,0.846153846,13,,
moc9_lenition.>?,Segmental,Phonological,,,,V,4,Mocovi,1,13,13,1,13,1,13,,
nas04_serialverb,Subspan repetition,Morphosyntactic,,,Serialization,V,,Naso,5,5,1,2,16,0.0625,16,,
nas05_stress,Suprasegmental: stress,Phonological,,,,V,,Naso,5,5,1,2,16,0.0625,16,,
nas01_FreeOccurence,Free Occurrence,Morphosyntactic,,,,V,,Naso,5,7,3,4,16,0.1875,16,should be split into different domains,
nas03_Interruptability_freeform,Noninterruptability,Morphosyntactic,,,,V,,Naso,5,7,3,4,16,0.1875,16,,
nas06_Deviation1,Exponence complexity,Indeterminate,,,,V,,Naso,5,7,3,4,16,0.1875,16,,
nas07_Deviation2,Exponence complexity,Indeterminate,,,,V,,Naso,5,7,3,4,16,0.1875,16,,
nas09_Fixedorder_rigid,Nonpermutability,Morphosyntactic,Strict,,,V,,Naso,2,5,4,1,16,0.25,16,,Is there a difference between spreading and harmony?
nas02_Interruptability_NP,Noninterruptability,Morphosyntactic,,,,V,,Naso,3,7,5,1,16,0.3125,16,,
nas10_Fixedorder_scopal,Nonpermutability,Morphosyntactic,Flexible,,,V,,Naso,2,7,6,1,16,0.375,16,,
nas08_gacoordination,Subspan repetition,Morphosyntactic,,,Coordination,V,,Naso,1,16,16,1,16,1,16,,I need to ask for clarification on this one
tla04_Serialization.minimal.withoutS/A,Subspan repetition,Morphosyntactic,,Minimal,Serialization,V,6,Tepehuan,6,6,1,5,19,0.052631579,19,,
tla10_Reduplication,Subspan repetition,Morphosyntactic,,,Reduplication,V,6,Tepehuan,6,6,1,5,19,0.052631579,19,,
tla12_Segmental.subtraction,Segmental,Phonological,,,Subtraction,V,6,Tepehuan,6,6,1,5,19,0.052631579,19,,
tla15_Sress.minimal,Suprasegmental: stress,Phonological,,,Stress,V,6,Tepehuan,6,6,1,5,19,0.052631579,19,,
tla19_Freedom.minimal,Free Occurrence,Morphosyntactic,,Minimal,Minimal,V,6,Tepehuan,6,6,1,5,19,0.052631579,19,,
tla13_Deviations.Biuniqueness.irregular.allomorphy,Exponence complexity,Indeterminate,,,Alternations,V,6,Tepehuan,6,8,3,1,19,0.157894737,19,,
tla18_Syllabic.Underlyingly.syllabic,Suprasegmental: syllable,Phonological,,,Constraints,V,6,Tepehuan,2,6,5,1,19,0.263157895,19,,
tla09_nominalization,Subspan repetition,Morphosyntactic,,,Nominalization,V,6,Tepehuan,6,12,7,1,19,0.368421053,19,,
tla07_auxiiliation.minimal,Subspan repetition,Morphosyntactic,,,Auxiliation,V,6,Tepehuan,4,13,10,1,19,0.526315789,19,,
tla17_Segmental.apocope.dependent,Segmental,Phonological,,,Apocope,V,6,Tepehuan,6,15,10,1,19,0.526315789,19,,
tla14_Deviations.Biuniqueness.perfective.S/A.allomorphy,Exponence complexity,Indeterminate,,,Non-local,V,6,Tepehuan,6,16,11,1,19,0.578947368,19,,
tla01_Permutability.fixed,Nonpermutability,Morphosyntactic,Strict,Minimal,Fixed,V,6,Tepehuan,2,15,14,2,19,0.736842105,19,,
tla06_Serialization.maximal.withoutS/A,Subspan repetition,Morphosyntactic,,Maximal,Serialization,V,6,Tepehuan,2,15,14,2,19,0.736842105,19,,
tla02_Interruptability.Complex.free,Noninterruptability,Morphosyntactic,,,Free,V,6,Tepehuan,2,16,15,5,19,0.789473684,19,,
tla03_Selection,Ciscategorial selection,Morphosyntactic,,,Selection,V,6,Tepehuan,2,16,15,5,19,0.789473684,19,Maximul and minimal domains need to be made.,
tla05_Serialization.maximal.withS/A,Subspan repetition,Morphosyntactic,,,Serialization,V,6,Tepehuan,2,16,15,5,19,0.789473684,19,,
tla08_auxiliation.maximal,Subspan repetition,Morphosyntactic,,,Auxiliation,V,6,Tepehuan,2,16,15,5,19,0.789473684,19,,
tla20_Freedom.maximal,Free Occurrence,Indeterminate,,,maximal,V,6,Tepehuan,2,16,15,5,19,0.789473684,19,,
tla16_Stress.maximal,Suprasegmental: stress,Phonological,,Maximal,Stress,V,6,Tepehuan,1,18,18,1,19,0.947368421,19,,
tla11_Coordination.Subordination,Subspan repetition,Morphosyntactic,,,Clause.linkage,V,6,Tepehuan,1,19,19,1,19,1,19,,
apw15_Lengthcontrast,Suprasegmental: length,Phonological,,,Contrast,V,22,Western Apache,22,22,1,1,22,0.045454545,23,,
apw18_Freedom.Minimal,Free Occurrence,Morphosyntactic,,Minimal,,V,22,Western Apache,21,22,2,1,22,0.090909091,23,,
apw12_Extended exponence,Exponence complexity,Indeterminate,Non-local,,,V,22,Western Apache,15,17,3,1,22,0.136363636,23,,
apw06_d-effect,Exponence complexity,Indeterminate,Local,,,V,22,Western Apache,18,22,5,1,22,0.227272727,23,,
apw11_Verb stem allormorphy,Exponence complexity,Indeterminate,Non-local,,,V,22,Western Apache,17,22,6,2,22,0.272727273,23,,
apw14_Tone.sandhi.metathesis,Suprasegmental: tone,Phonological,,,Metathesis,V,22,Western Apache,17,22,6,2,22,0.272727273,23,,
apw10_Verb stem allormophy,Exponence complexity,Indeterminate,Non-local,,Non-local,V,22,Western Apache,16,22,7,1,22,0.318181818,23,,
apw09_Verb stem allormophy,Exponence complexity,Indeterminate,Non-local,,Non-local,V,22,Western Apache,15,22,8,1,22,0.363636364,23,,
apw13_Contrastive.tone.sandhi,Suprasegmental: tone,Phonological,,,Contrast,V,22,Western Apache,15,23,9,1,22,0.409090909,23,,
apw17_Syllabification,Suprasegmental: syllable,Phonological,,,,V,22,Western Apache,14,22,9,1,22,0.409090909,23,,
apw20_Sibilantharmony,Suprasegmental: harmony,Phonological,,,Harmony,V,22,Western Apache,12,22,11,1,22,0.5,21,,
apw08_Allormorphy,Exponence complexity,Indeterminate,,,Local,V,22,Western Apache,9,20,12,1,22,0.545454545,23,,
apw07_Allomorphy,Exponence complexity,Indeterminate,,,Local,V,22,Western Apache,10,22,13,1,22,0.590909091,23,,
apw16_Minimalsize,Minimality,Phonological,,Minimal,,V,22,Western Apache,8,22,15,1,22,0.681818182,23,,
apw04_Interruptability.SimplexFree,Noninterruptability,Morphosyntactic,Free Simplex,,Free,V,22,Western Apache,6,22,17,1,22,0.772727273,23,,
apw01_Rigidfixed,Nonpermutability,Morphosyntactic,Strict,,Rigid.fixed,V,22,Western Apache,4,23,20,2,22,0.909090909,23,,
apw03_Interruptability.ComplexFree,Noninterruptability,Morphosyntactic,Free Complex,,Free,V,22,Western Apache,4,23,20,2,22,0.909090909,23,,
apw19_Freedom.Maximal,Free Occurrence,Indeterminate,,,Maximal,V,22,Western Apache,3,22,20,1,22,0.909090909,23,,
apw02_Scopalfixed,Nonpermutability,Morphosyntactic,Flexible,Maximal,Scopal.fixed,V,22,Western Apache,3,23,21,1,22,0.954545455,23,,
apw05_Coordination.Subordination,Subspan repetition,Morphosyntactic,,,Clause.linkage,V,22,Western Apache,1,22,22,1,22,1,23,,
yaa07_Reduplication (minimal),Subspan repetition,Morphosyntactic,,,Reduplication,V,5,Yaminawa,4,5,2,2,18,0.111111111,21,,
yaa10_MInimal stress domain,Suprasegmental: stress,Phonological,,Minimal,Stress,V,5,Yaminawa,4,5,2,2,18,0.111111111,21,,
yaa15_Vowel deletion through prefixation,Exponence complexity,Indeterminate,Non-local,,Non-local,V,5,Yaminawa,4,5,2,1,18,0.111111111,21,,
yaa01_Minimal fixed order,Nonpermutability,Morphosyntactic,,,,V,5,Yaminawa,4,6,3,1,18,0.166666667,21,,
yaa16_productivity,Exponence complexity,Indeterminate,Local,,Productivity,V,5,Yaminawa,4,6,3,1,18,0.166666667,21,,
yaa17_reflexive allomorphy,Exponence complexity,Indeterminate,Local,,Local,V,5,Yaminawa,3,6,4,1,18,0.222222222,21,,
yaa06_Reduplication (maximal),Subspan repetition,Morphosyntactic,Reduplication,Maximal,Reduplication,V,5,Yaminawa,4,9,6,1,18,0.333333333,21,,
yaa18_lexical nominalization -ti,Subspan repetition,Morphosyntactic,,,Nominalization,V,5,Yaminawa,2,8,7,1,18,0.388888889,21,,
yaa09_Minimal Coordination.Subordination (same subject),Subspan repetition,Morphosyntactic,,Minimal,Coordination,V,5,Yaminawa,4,14,11,1,18,0.611111111,21,,
yaa19_nominalization -bis,Subspan repetition,Morphosyntactic,,,Nominalization,V,5,Yaminawa,2,13,12,1,18,0.666666667,21,,
yaa02_Minimal minimum free form,Free Occurrence,Indeterminate,,Minimal,Minimal,V,5,Yaminawa,5,17,13,1,18,0.722222222,21,,
yaa08_Maximal Coordination.Subordination (same subject),Subspan repetition,Morphosyntactic,,,Coordination,V,5,Yaminawa,2,14,13,1,18,0.722222222,21,,
yaa05_Interruptable by moveable element,Noninterruptability,Morphosyntactic,Promiscuous,,Promiscuous,V,5,Yaminawa,4,17,14,2,18,0.777777778,21,,
yaa13_H tone insertion,Suprasegmental: tone,Phonological,,,Tone,V,5,Yaminawa,4,17,14,2,18,0.777777778,21,,
yaa20_clausal nominalization,Subspan repetition,Morphosyntactic,,,Nominalization,V,5,Yaminawa,2,18,17,2,18,0.944444444,21,,
yaa21_Maximal Coordination.Subordination (different subject),Subspan repetition,Morphosyntactic,,Maximal,Nominalization,V,5,Yaminawa,2,18,17,2,18,0.944444444,21,,
yaa03_Maximal minimum free form,Free Occurrence,Phonological,,Maximal,Maximal,V,5,Yaminawa,4,21,18,5,18,1,21,,
yaa04_Interruption by free form,Noninterruptability,Morphosyntactic,Free,,Free,V,5,Yaminawa,4,21,18,5,18,1,21,,
yaa11_Maximal stress domain,Suprasegmental: stress,Phonological,,,Stress,V,5,Yaminawa,4,21,18,5,18,1,21,,
yaa12_Trochaic footing (primary + secondary stress),Suprasegmental: stress,Phonological,,,Footing,V,5,Yaminawa,4,21,18,5,18,1,21,,
yaa14_Nasal spread + HL.....,Suprasegmental: tone,Phonological,,,Harmony,V,5,Yaminawa,4,21,18,5,18,1,21,,
ycn01_noninterruptability_freecomplex,Noninterruptability,Morphosyntactic,Free Complex,,,V,7,Yukuna,5,15,11,1,11,1,16,,
ycn02_noninterruptability_freesimplex,Noninterruptability,Morphosyntactic,Free Simplex,,,V,7,Yukuna,6,15,10,2,11,0.909090909,16,,
ycn03_FreeOccurrence_maximal,Free Occurrence,Morphosyntactic,,Maximal,,V,7,Yukuna,6,15,10,2,11,0.909090909,16,,
ycn04_Interruptability_promiscuous,Noninterruptability,Morphosyntactic,Promiscuous,,,V,7,Yukuna,6,13,8,1,11,0.727272727,16,,
ycn05_Ciscategorialselection,Ciscategorial selection,Morphosyntactic,,Ask researcher,,V,7,Yukuna,7,10,4,5,11,0.363636364,16,,
ycn06_Tonefloatingtoneplacementafterroot,Suprasegmental: tone,Phonological,,,,V,7,Yukuna,7,10,4,5,11,0.363636364,16,,
ycn07_Tonespreading_minimal,Suprasegmental: tone,Phonological,,Minimal,,V,7,Yukuna,7,10,4,5,11,0.363636364,16,,
ycn08_Segmentalrootindertioncreaky,Segmental,Phonological,,,Creaky voice insertion,V,7,Yukuna,7,10,4,5,11,0.363636364,16,,
ycn09_Opaqueallomorphy,Exponence complexity,Indeterminate,Local,,,V,7,Yukuna,7,10,4,5,11,0.363636364,16,,
ycn10_Nonpermutability_strict,Noninterruptability,Morphosyntactic,Strict,,,V,7,Yukuna,6,13,8,1,11,0.727272727,16,,
ycn11_Freeoccurrence_minimal_index,Free Occurrence,Indeterminate,,Minimal,Index is present on verb,V,7,Yukuna,6,7,2,1,11,0.181818182,16,,
ycn12_Freeoccurrence_minimal_NP(A/S),Free Occurrence,Indeterminate,,Minimal,Ask researcher,V,7,Yukuna,4,7,4,1,11,0.363636364,16,,
ycn13_Exponencecomplexity_middle,Exponence complexity,Indeterminate,Non-local,,,V,7,Yukuna,7,11,5,1,11,0.454545455,16,,
ycn14_Exponencecomplexity_negation,Exponence complexity,Indeterminate,Non-local,,,V,7,Yukuna,5,9,5,1,11,0.454545455,16,,
quh01_Permutability1a,Nonpermutability,Morphosyntactic,Strict,,Lexical causative -chi is the same morpheme as the productive causative -chi,V,10,Quechua,7,10,4,1,22,0.181818182,16,,
quh02_Permutability1b,Nonpermutability,Morphosyntactic,Strict,,Lexical causative -chi is not the same morpheme as the productive causative -chi,V,10,Quechua,10,10,1,1,22,0.045454545,31,,
quh03_Permutability2,Nonpermutability,Morphosyntactic,Flexible,,,V,10,Quechua,10,14,5,1,22,0.227272727,31,,
quh04_Interruptability>1Free,Noninterruptability,Morphosyntactic,Free,,,V,10,Quechua,10,31,22,3,22,1,31,,
quh05_Interruptability>1Promiscuous,Noninterruptability,Morphosyntactic,Promiscuous,,,V,10,Quechua,10,24,15,5,22,0.681818182,31,,
quh06_Ciscategorial.selection_min,Ciscategorial selection,Morphosyntactic,,Minimal,,V,10,Quechua,10,21,12,1,22,0.545454545,31,,
quh07_Ciscategorial.selection_max,Ciscategorial selection,Morphosyntactic,,Maximal,,V,10,Quechua,10,24,15,5,22,0.681818182,31,,
quh08_Subspan.rep.pti,Subspan repetition,Morphosyntactic,,,,V,10,Quechua,9,24,16,1,22,0.727272727,31,,
quh09_Subspan.rep.nmlz.na,Subspan repetition,Morphosyntactic,,,,V,10,Quechua,10,11,2,1,22,0.090909091,31,,
quh10_Subspan.nmlz.q,Subspan repetition,Morphosyntactic,,,,V,10,Quechua,9,19,11,1,22,0.5,31,,
quh11_Stress_minimal,Suprasegmental: stress,Phonological,,Minimal,,V,10,Quechua,10,24,15,5,22,0.681818182,31,,
quh_12_Stress_minimal,Suprasegmental: stress,Phonological,,Maximal,,V,10,Quechua,10,31,22,3,22,1,31,Need to check this,
quh13_Deviations,Exponence complexity,Indeterminate,,,,V,10,Quechua,10,24,15,5,22,0.681818182,31,,
quh14_Freeoccurrence_minimal,Free Occurrence,Morphosyntactic,,Minimal,,V,10,Quechua,10,24,15,5,22,0.681818182,31,,
quh15_Freeoccurrence_maximal,Free Occurrence,Morphosyntactic,,Maximal,,V,10,Quechua,10,31,22,3,22,1,31,,
zap01_Glottaldissimilation_min,Suprasegmental: glottal,Phonological,,Minimal,,V,12,Zapotec,12,14,3,1,26,0.115384615,26,,
zap02_FreeOccurrence_min,Free Occurrence,Indeterminate,,Minimal,,V,12,Zapotec,10,12,3,3,26,0.115384615,26,,
zap03_Noninterruptable_promiscuous,Noninterruptability,Morphosyntactic,Promiscuous,,,V,12,Zapotec,10,12,3,3,26,0.115384615,26,,
zap04_Typicalserialization_min,Subspan repetition,Morphosyntactic,,Minimal,,V,12,Zapotec,10,12,3,3,26,0.115384615,26,,
zap05_Nonpermutability,Noninterruptability,Morphosyntactic,,,,V,12,Zapotec,10,14,5,3,26,0.192307692,26,,
zap06_Stress,Suprasegmental: stress,Phonological,,,,V,12,Zapotec,10,14,5,3,26,0.192307692,26,,
zap07_Noninterruptability_free,Noninterruptability,Morphosyntactic,Free,,,V,12,Zapotec,10,14,5,3,26,0.192307692,26,,
zap08_Motionserializaion,Subspan repetition,Morphosyntactic,,,Motion serialization,V,12,Zapotec,10,20,11,1,26,0.423076923,26,,
zap09_Glottaldissimilation_max,Suprasegmental: glottal,Phonological,,Maximal,Glottal dissimilation,V,12,Zapotec,3,14,12,1,26,0.461538462,26,,
zap10_Typicalserialization_max,Subspan repetition,Morphosyntactic,,Maximal,,V,12,Zapotec,10,22,13,2,26,0.5,26,,
zap11_Motionserialization_max,Subspan repetition,Morphosyntactic,,Maximal,,V,12,Zapotec,10,22,13,2,26,0.5,26,,
zap12_Contourlevelling_min,Suprasegmental: tone,Phonological,,Minimal,,V,12,Zapotec,10,23,14,1,26,0.538461538,26,,
zap13_Midtoneassimilation_min,Suprasegmental: tone,Phonological,,Minimal,,V,12,Zapotec,10,26,17,2,26,0.653846154,26,,
zap14_Syllabification,Suprasegmental: syllable,Phonological,,,,V,12,Zapotec,10,26,17,2,26,0.653846154,26,,
zap15_Midtoneassimilation_max,Suprasegmental: tone,Phonological,,Maximal,,V,12,Zapotec,3,26,24,1,26,0.923076923,26,,
zap16_Countourlevelling_max,Suprasegmental: tone,Phonological,,Maximal,,V,12,Zapotec,1,26,26,4,26,1,26,,
zap17_FreeOcurrence_max,Free Occurrence,Morphosyntactic,,Maximal,,V,12,Zapotec,1,26,26,4,26,1,26,,
"zap18_Tonesandhi_{L,M} {HL,H} / M_",Suprasegmental: tone,Phonological,,,,V,12,Zapotec,1,26,26,4,26,1,26,,
zap19_Utterancefinalglottalization,Segmental: glottal,Phonological,,,,V,12,Zapotec,1,26,26,4,26,1,26,,
tca01_Nonpermutability_strict,Nonpermutability,Morphosyntactic,Strict,,,V,16,Tikuna,9,16,8,1,26,0.307692308,26,,
tca02_Nonpermutability_flexible,Nonpermutability,Morphosyntactic,Flexible,,,V,16,Tikuna,9,21,13,3,26,0.5,26,,
tca03_Noninterruptability_Freecomplex,Noninterruptability,Morphosyntactic,Free complex,,,V,16,Tikuna,7,21,15,1,26,0.576923077,26,,
tca04_Noninterruptability_Freeform,Noninterruptability,Morphosyntactic,Free simplex,,,V,16,Tikuna,9,21,13,3,26,0.5,26,,
tca05_Noninterruptability_promiscuous.any,Noninterruptability,Morphosyntactic,promiscuous,,,V,16,Tikuna,9,17,9,1,26,0.346153846,26,,
tca06_Noninterruptability_2p,Noninterruptability,Morphosyntactic,promiscuous,,,V,16,Tikuna,3,24,22,1,26,0.846153846,26,,
tca07_Noniterruptability_pluractional,Noninterruptability,Morphosyntactic,promiscuous,,,V,16,Tikuna,7,17,11,1,26,0.423076923,26,,
tca08_Ciscategorial_min,Ciscategorial selection,Morphosyntactic,,Minimal,,V,16,Tikuna,9,16,8,1,26,0.307692308,26,,
tca09_Ciscategorial_max,Ciscategorial selection,Morphosyntactic,,Maximal,,V,16,Tikuna,7,24,18,1,26,0.692307692,26,,
tca10_Nmlzevent_min,Subspan repetition,Morphosyntactic,,,Event nominalization,V,16,Tikuna,9,24,16,2,26,0.615384615,26,,
tca11_Nmlzevent_max,Subspan repetition,Morphosyntactic,,,Event nominalization,V,16,Tikuna,1,26,26,2,26,1,26,,
tca12_Nmlzpart_min,Subspan repetition,Morphosyntactic,,,Participant nominalization,V,16,Tikuna,9,24,16,2,26,0.615384615,26,,
tca13_Nmlzpart_max,Subspan repetition,Morphosyntactic,,,Participant nominalization,V,16,Tikuna,1,26,26,2,26,1,26,,
tca14_Nmlzinstr,Subspan repetition,Morphosyntactic,,,Instrumental nominalization,V,16,Tikuna,16,21,6,3,26,0.230769231,26,,
tca15_Freeoccurrence_min,Free Occurrence,Indeterminate,,Minimal ,,V,16,Tikuna,14,16,3,1,26,0.115384615,26,,
tca16_Freeoccurrence_max,Free Occurrence,Indeterminate,,Maximal,,V,16,Tikuna,9,25,17,1,26,0.653846154,26,,
tca17_Segmental.copyvowel.insertedonCV?,Epenthesis,Phonological,,,,V,16,Tikuna,16,23,8,2,26,0.307692308,26,,
tca18_Deviations.Biuniqueness.irregularprosodic.shape.selective.allomorphy,Exponence complexity,Phonological,,,,V,16,Tikuna,16,24,9,1,26,0.346153846,26,,
tca19_Stress_max,Suprasegmental: stress,Phonological,,Maximal,,V,16,Tikuna,9,21,13,3,26,0.5,26,,
tca20_Stress_min,Suprasegmental: stress,Phonological,,Minimal,,V,16,Tikuna,16,16,1,2,26,0.038461538,26,,
tca21_Tone.alternation.domain,Suprasegmental: tone,Phonological,,,,V,16,Tikuna,16,23,8,2,26,0.307692308,26,,
tca22_Tone.sandhi.on.stressedsyllable,Suprasegmental: stress,Phonological,,,,V,16,Tikuna,16,21,6,3,26,0.230769231,26,,
tca23_Tone.constraint.fullcontrasts_min,Suprasegmental: tone,Phonological,,Minimal,,V,16,Tikuna,16,16,1,2,26,0.038461538,26,,
tca24_Tone.constraint.fullcontrasts_max,Suprasegmental: tone,Phonological,,Maximal,,V,16,Tikuna,9,21,13,1,26,0.5,26,,
tca25_Pause,Pause,Indeterminate,,,,V,16,Tikuna,16,21,6,3,26,0.230769231,26,,
hup01_FreeOccurrence_min,Free Occurrence,Indeterminate,,Minimal,,V,7,Hup,7,21,15,4,30,0.5,33,,
hup02_FreeOccurrence_max,Free Occurrence,Indeterminate,,Maximal,,V,7,Hup,3,31,29,1,30,0.966666667,33,,
hup24_FreeOccurrence_freecomplex,Free Occurrence,Indeterminate,,,,V,7,Hup,2,31,30,1,30,1,33,,
hup03_Noninterrupt_freesimplex,Noninterruptability,Morphosyntactic,complex free,,,V,7,Hup,5,31,27,1,30,0.9,33,,
hup04_Noninterrupt_emph,Noninterruptability,Morphosyntactic,simplex free,,,V,7,Hup,2,13,12,2,30,0.4,33,,
hup05_Noninterrupt_hab,Noninterruptability,Morphosyntactic,Promiscuous,,,V,7,Hup,2,16,15,1,30,0.5,33,,
hup06_Noninterrupt_evidential,Noninterruptability,Morphosyntactic,Promiscuous,,,V,7,Hup,2,17,16,1,30,0.533333333,33,,
hup07_Noninterrupt_decl,Noninterruptability,Morphosyntactic,Promiscuous,,,V,7,Hup,2,13,12,1,30,0.4,33,,
hup08_Ciscategorial_min,Ciscategorial selection,Morphosyntactic,,Minimal,,V,7,Hup,2,19,18,1,30,0.6,33,,
hup09_Ciscategorial_max,Ciscategorial selection,Morphosyntactic,,Maximal,,V,7,Hup,2,13,12,2,30,0.4,33,,
hup10_Nonpermutability,Nonpermutability,Morphosyntactic,Strict,,,V,7,Hup,8,21,14,1,30,0.466666667,33,,
hup11_Nonpermutability,Nonpermutability,Morphosyntactic,Flexible,,,V,7,Hup,2,26,25,2,30,0.833333333,33,,
hup12_Stress_min,Suprasegmental: stress,Phonological,,Minimal,No incorporated object,V,7,Hup,7,21,15,4,30,0.5,33,,
hup13_Stress_max,Suprasegmental: stress,Phonological,,Maximal,No incorporated object,V,7,Hup,2,26,25,2,30,0.833333333,33,,
hup14_Stress:incorp.object_min,Suprasegmental: stress,Phonological,,Minimal,Incorporated object,V,7,Hup,7,21,15,1,30,0.5,33,,
hup15_Stress: incorp object_max,Suprasegmental: stress,Phonological,,Maximal,Incorporated object,V,7,Hup,3,32,30,1,30,1,33,,
hup16_Vowelcopyingrule_min,Segmental: vowel,Phonological,,Minimal,,V,7,Hup,7,21,15,4,30,0.5,33,,
hup17_Vowelcopyingrule_max,Segmental: vowel,Phonological,,Maximal,,V,7,Hup,1,21,21,1,30,0.7,33,,
hup18_CV allomorph (from underlying CVC) left adjacent to boundary suffix_min,Segmental: contraction,Phonological,,Minimal,,V,7,Hup,7,7,1,1,30,0.033333333,33,,
hup19_CV allomorph (from underlying CVC) occurs here_max,Segmental: contraction,Phonological,,Maximal,,V,7,Hup,2,21,20,2,30,0.666666667,33,,
hup20_Serial verb coordination,Subspan repetition,Morphosyntactic,,,,V,7,Hup,7,21,15,4,30,0.5,33,,
hup21_Coordinationsamesubject,Subspan repetition,Morphosyntactic,,,,V,7,Hup,2,21,20,2,30,0.666666667,33,,
hup22_Repair (whatchamacallit) ?,Subspan repetition,Morphosyntactic,,,,V,7,Hup,2,25,24,1,30,0.8,33,,
mojt01_FreeOcurrrence_nonactive_min,Free Occurrence,Indeterminate,,Minimal,,V,11,Trinitario,9,13,5,1,28,0.178571429,32,,
mojt02_FreeOcurrence_active_min,Free Occurrence,Indeterminate,,Minimal,,V,11,Trinitario,9,19,11,1,28,0.392857143,32,,
mojt03_FreeOcurrence_max,Free Occurrence,Indeterminate,,Maximal,,V,11,Trinitario,9,30,22,4,28,0.785714286,32,,
mojt04_interruption_Npelement,Noninterruptability,Morphosyntactic,Free Complex,,,V,11,Trinitario,3,30,28,1,28,1,32,,
mojt05_interruption_freeform,Noninterruptability,Morphosyntactic,Free Simplex,,,V,11,Trinitario,4,30,27,1,28,0.964285714,32,,
mojt06_interruption_TAMED,Noninterruptability,Morphosyntactic,promiscuous,,,V,11,Trinitario,9,25,17,1,28,0.607142857,32,,
mojt07_interruption_with.a,Noninterruptability,Morphosyntactic,promiscuous,,,V,11,Trinitario,11,20,10,1,28,0.357142857,32,,
mojt08_cisselection_min,Ciscategorial selection,Morphosyntactic,,Minimal,,V,11,Trinitario,12,15,4,1,28,0.142857143,32,,
mojt09_cisselection_max,Ciscategorial selection,Morphosyntactic,,Maximal,,V,11,Trinitario,10,21,12,2,28,0.428571429,32,,
mojt10_exponencecompl.irrealis,Exponence complexity,Indeterminate,,,,V,11,Trinitario,10,21,12,2,28,0.428571429,32,,
mojt11_stress_min,Suprasegmental: stress,Phonological,,Minimal,,V,11,Trinitario,10,29,20,1,28,0.714285714,32,,
mojt12_stress_max,Suprasegmental: stress,Phonological,,Maximal,,V,11,Trinitario,9,30,22,4,28,0.785714286,32,,
mojt13_footbasedsyncope_min,Segmental: syncope,Phonological,,Minimal,Foot based syncope,V,11,Trinitario,9,28,20,1,28,0.714285714,32,,
mojt14_footbasedsyncope_max,Segmental: syncope,Phonological,,Maximal,Foot based syncope,V,11,Trinitario,9,30,22,4,28,0.785714286,32,,
mojt15_hiatus.res_min,Segmental,Phonological,,Minimal,Hiatus resolution,V,11,Trinitario,9,14,6,1,28,0.214285714,32,,
mojt16_hiatus.res_max,Segmental,Phonological,,Maximal,Hiatus resolution,V,11,Trinitario,9,30,22,4,28,0.785714286,32,,
mojt17_dfB_vowelharm.suppletion,Exponence complexity,Indeterminate,,,,V,11,Trinitario,13,26,14,1,28,0.5,32,,
mojt18_dfB_rootapprox.allomorphy,Exponence complexity,Indeterminate,,,,V,11,Trinitario,13,18,6,1,28,0.214285714,32,,
mojt19_causativeappl.vowelharm,Exponence complexity,Indeterminate,,,,V,11,Trinitario,11,13,3,1,28,0.107142857,32,,
mojt20_palatalizationofk_min,Segmental: palatalization,Phonological,,Maximal,,V,11,Trinitario,NoData,NoData,NoData,NoData,28,#VALUE!,32,,
mojt21_palatalizationofk_max,Segmental: palatalization,Phonological,,Minimal,,V,11,Trinitario,NoData,NoData,NoData,NoData,28,#VALUE!,32,,
mojt22_/k/>/s//_,Segmental: contraction,Phonological,,,,V,11,Trinitario,NoData,NoData,NoData,NoData,28,#VALUE!,32,,
mojt23_clusterrepair_min,Phonology: syllable,Phonological,,Minimal,,V,11,Trinitario,9,28,20,1,28,0.714285714,32,,
mojt24_clusterrepair_max,Phonology: syllable,Phonological,,Maximal,,V,11,Trinitario,1,32,32,1,28,1.142857143,32,,
kub01_nonpermutability_fixedordering,Nonpermutability,,,,Fixed ordering,V,6,Kubeo,2,15,14,3,16,0.875,17,,
kub02_noninterruptability_freecomplex,Noninterruptability,Morphosyntactic,Free Complex,,,V,6,Kubeo,2,15,14,3,16,0.875,17,,
kub03_noninterruptability_freesimplex,Noninterruptability,Morphosyntactic,Free Simplex,,,V,6,Kubeo,5,15,11,5,16,0.6875,17,,
kub04_ciscategorial_minimal,Ciscategorial selection,Morphosyntactic,,minimal,,V,6,Kubeo,5,7,3,1,16,0.1875,17,,
kub05_ciscategorial_maximal,Ciscategorial selection,Morphosyntactic,,maximal,,V,6,Kubeo,5,14,10,1,16,0.625,17,,
kub06_subspan_reduplicationminimal,Subspan repetition,Morphosyntactic,,,Reduplication.minimal,V,6,Kubeo,6,6,1,3,16,0.0625,17,,
kub07_subspan_reduplicationmaximal,Subspan repetition,Morphosyntactic,,,Reduplication.maximal,V,6,Kubeo,5,12,8,3,16,0.5,17,,
kub08_subspan_converbmaximal,Subspan repetition,Morphosyntactic,,,converb.maximal,V,6,Kubeo,1,10,10,1,16,0.625,17,,
kub09_subspan_converbminimal,Subspan repetition,Morphosyntactic,,,converb.minimal,V,6,Kubeo,6,6,1,3,16,0.0625,17,,
kub10_subspan_nomauxmaximal,Subspan repetition,Morphosyntactic,,,Nominalizer.auxiliaryconstruction.maximal,V,6,Kubeo,6,10,5,1,16,0.3125,17,,
kub11_subspan_nomauxminimal,Subspan repetition,Morphosyntactic,,,Nominalizer.auxiliaryconstruction.minimal,V,6,Kubeo,6,6,1,3,16,0.0625,17,,
kub12_freeoccurrence_minimal,Free Occurrence,Morphosyntactic,,minimal,,V,6,Kubeo,6,12,7,1,16,0.4375,17,,
kub13_freeoccurrence_maximal,Free Occurrence,Indeterminate,,maximal,,V,6,Kubeo,5,15,11,5,16,0.6875,17,,
kub14_stress_minimal,Stress,Phonological,,minimal,,V,6,Kubeo,5,12,8,3,16,0.5,17,,
kub15_stress_maximal,Stress,Phonological,,maximal,,V,6,Kubeo,5,15,11,5,16,0.6875,17,,
kub16_accent_minimal,Stress,Phonological,,minimal,,V,6,Kubeo,3,12,10,1,16,0.625,17,,
kub17_accent_maximal,Stress,Phonological,,maximal,,V,6,Kubeo,3,15,13,2,16,0.8125,17,,
kub18_nasalspreading_habitual,Nasal spreading,Phonological,,,with habitual,V,6,Kubeo,5,8,4,1,16,0.25,17,,
kub19_nasalspreading_withouthabitual,Nasal spreading,Phonological,,,without habitual,V,6,Kubeo,5,12,8,3,16,0.5,17,,
kub20_syllabification_minimal,Syllabification,Phonological,,minimal,,V,6,Kubeo,5,15,11,5,16,0.6875,17,,
kub21_syllabification_maximal,Syllabification,Phonological,,maximal,,V,6,Kubeo,1,16,16,1,16,1,17,,
kub22_tonalspreading_minimal,Tonal spreading (all tones get deleted except the left-most one),Phonological,,minimal,,V,6,Kubeo,5,15,11,5,16,0.6875,17,,
kub23_tonalspreading_maximal,Tonal spreading (all tones get deleted except the left-most one),Phonological,,maximal,,V,6,Kubeo,2,15,14,3,16,0.875,17,,
kub24_consonantalternation_obligatory,Consonant alternation based on prior vowel,Phonological,obligatory,,,V,6,Kubeo,4,15,12,1,16,0.75,17,,
kub25_consonantalternation_optional,Consonant alternation based on prior vowel,Phonological,optional,,,V,6,Kubeo,3,15,13,2,16,0.8125,17,,
mart01_freeocurrence_maximal,Free Occurrence,Indeterminate,,maximal,,V,14,Martinican,14,14,1,1,7,0.142857143,16,,
mart02_freeocurrence_minimal,Free Occurrence,Indeterminate,,minimal,,V,14,Martinican,13,15,3,2,7,0.428571429,16,,
mart03_noninterruptability_freesimplex,Noninterruptability,Morphosyntactic,"free simplex
",,,V,14,Martinican,13,14,2,3,7,0.285714286,16,,
mart05_nonpermutability_declarativeminimal,Nonpermutability,Morphosyntactic,,,declarative/imperative: minimal,V,14,Martinican,13,15,3,2,7,0.428571429,16,,
mart06_nonpermutability_interrogativeminimal,Nonpermutability,Morphosyntactic,,,interrogative: minimal,V,14,Martinican,13,14,2,3,7,0.285714286,16,,
mart07_nonpermutability_declarativemaximal,Nonpermutability,Morphosyntactic,,,declarative/imperative: maximal,V,14,Martinican,10,16,7,1,7,1,16,,
mart09_cisgategorial_minimal,Ciscategorial selection,Morphosyntactic,,minimal,,V,14,Martinican,13,14,2,3,7,0.285714286,16,,
mart10_cisgategorial_maximal,Ciscategorial selection,Morphosyntactic,,maximal,,V,14,Martinican,4,14,11,1,7,1.571428571,16,,
neg01_freeocurrence_minimal,Free Occurrence,Indeterminate,,Minimal,,V,9,Negidal,9,15,7,1,21,0.333333333,21,,
neg02_freeoccurrence_maximal,Free Occurrence,Indeterminate,,Maximal,,V,9,Negidal,9,18,10,1,21,0.476190476,21,,
neg03_noninterruptability_free,Noninterruptability,Morphosyntactic,,,Interruptor = single free form or complex of free forms,V,9,Negidal,9,21,13,1,21,0.619047619,21,,
neg04_noninterruptability_promiscuous,Noninterruptability,Morphosyntactic,,,Interruptor = promiscuous element = asp = habitual/inchoative,V,9,Negidal,9,11,3,1,21,0.142857143,21,,
neg05_ciscategorial_minimal,Ciscategorial selection,Morphosyntactic,,Minimal,,V,9,Negidal,9,16,8,1,21,0.380952381,21,,
neg06_cisgategorial_maximal,Ciscategorial selection,Morphosyntactic,,Maximal,,V,9,Negidal,2,21,20,2,21,0.952380952,21,,
neg07_nonpermutability_strict,Nonpermutability,Morphosyntactic,Strict,,,V,9,Negidal,9,9,1,1,21,0.047619048,21,,
neg08_nonpermutability_flexible,Nonpermutability,Morphosyntactic,Flexible,,,V,9,Negidal,9,17,9,2,21,0.428571429,21,,
neg09_nonpermutability_maximal,Nonpermutability,Morphosyntactic,,Maximal,,V,9,Negidal,2,21,20,2,21,0.952380952,21,,
neg10_epenthesis_minimal,Epenthesis,Phonological,,,CCC-> CVCC: minimal,V,9,Negidal,9,17,9,2,21,0.428571429,21,,
neg11_epenthesis_maximal,Epenthesis,Phonological,,,CCC-> CVCC: maximal,V,9,Negidal,1,21,21,1,21,1,21,,
smd01_freeocurrence_imperative,Free Occurrence,Indeterminate,Imperative,,,V,10,San Marti?n Duraznos Mixtec,10,10,1,2,13,0.076923077,20,,
smd02_freeoccurrence_minimal,Free Occurrence,Indeterminate,,Minimal,,V,10,San Marti?n Duraznos Mixtec,10,15,6,2,13,0.461538462,20,,
smd03_freeocurrence_maximal12,Free Occurrence,Indeterminate,,,Maximal: 1/2,V,10,San Marti?n Duraznos Mixtec,4,15,12,1,13,0.923076923,20,,
smd04_freeocurrence_maximal3,Free Occurrence,Indeterminate,,,Maximal: 3,V,10,San Marti?n Duraznos Mixtec,4,16,13,1,13,1,20,,
smd05_freeocurrence_imperativekV,Free Occurrence,Indeterminate,,,Imperative: kV-,V,10,San Marti?n Duraznos Mixtec,9,10,2,1,13,0.153846154,20,,
smd06_freeocurrence_nonimperativekV,Free Occurrence,Indeterminate,,,Nonimperative: kV-,V,10,San Marti?n Duraznos Mixtec,9,15,7,1,13,0.538461538,20,,
smd07_nonpermutability_strict,Nonpermutability,Morphosyntactic,Strict,,,V,10,San Marti?n Duraznos Mixtec,3,12,10,1,13,0.769230769,20,,
smd08_ciscategorial_minimal,Ciscategorial selection,Morphosyntactic,,Minimal,,V,10,San Marti?n Duraznos Mixtec,7,10,4,1,13,0.307692308,20,,
smd09_cisgategorial_maximal,Ciscategorial selection,Morphosyntactic,,Maximal,,V,10,San Marti?n Duraznos Mixtec,3,10,8,1,13,0.615384615,20,,
smd10_noninterruptability_freesimplex,Noninterruptability,Morphosyntactic,Free Simplex,,,V,10,San Marti?n Duraznos Mixtec,4,10,7,1,13,0.538461538,20,,
smd11_noninterruptability_freecomplex,Noninterruptability,Morphosyntactic,Free Complex,,,V,10,San Marti?n Duraznos Mixtec,2,14,13,1,13,1,20,,
smd12_noninterruptability_promiscuous,Noninterruptability,Morphosyntactic,,,Promiscuous: ti~tiki,V,10,San Marti?n Duraznos Mixtec,2,11,10,1,13,0.769230769,20,,
smd13_subspan_asyndetic,Subspan repetition,Morphosyntactic,,,Asyndetic Complementation: Minimal,V,10,San Marti?n Duraznos Mixtec,5,10,6,1,13,0.461538462,20,,
smd14_suprasegmental_toneclasses,Suprasegmental: tone,Phonological,,,Tone Classes,V,10,San Marti?n Duraznos Mixtec,10,10,1,2,13,0.076923077,20,,
smd15_suprasegmental_tonesandhi,Suprasegmental: tone,Phonological,,,Tone Sandhi,V,10,San Marti?n Duraznos Mixtec,10,16,7,1,13,0.538461538,20,,
smd16_segmental_voweloverwritingminimal,Segmental: vowel,Phonological,,,Vowel Overwriting: Minimal,V,10,San Marti?n Duraznos Mixtec,10,15,6,2,13,0.461538462,20,,
smd17_segmental_voweloverwritingmaximal,Segmental: vowel,Phonological,,,Vowel Overwriting: Maximal,V,10,San Marti?n Duraznos Mixtec,2,17,16,1,13,1.230769231,20,,
meb01_freeoccurrence_minimal,Free Occurrence,Indeterminate,,Minimal,,V,15,Mebengokre,15,15,1,2,22,0.045454545,22,,
meb02_freeocurrence_maximal,Free Occurrence,Indeterminate,,Maximal,,V,15,Mebengokre,5,21,17,1,22,0.772727273,22,,
meb03_subspan_nonfiniteminimal,Subspan repetition,Morphosyntactic,,,Nonfinite dependent: minimal,V,15,Mebengokre,11,16,6,6,22,0.272727273,22,,
meb04_subspan_nonfinitemaximal,Subspan repetition,Morphosyntactic,,,Nonfinite dependent: maximal,V,15,Mebengokre,4,16,13,1,22,0.590909091,22,,
meb05_stress_maximal,Stress,Phonological,,Maximal,,V,15,Mebengokre,11,16,6,6,22,0.272727273,22,,
meb06_stress_medial,Stress,Phonological,,,Medium,V,15,Mebengokre,11,16,6,6,22,0.272727273,22,,
meb07_stress_minimal,Stress,Phonological,,Minimal,,V,15,Mebengokre,15,15,1,2,22,0.045454545,22,,
meb08_noninterruptability_freecomplex,Noninterruptability,Morphosyntactic,complex free,,,V,15,Mebengokre,11,21,11,1,22,0.5,22,,
meb09_noninterruptability_freesimplex,Noninterruptability,Morphosyntactic,simplex free,,,V,15,Mebengokre,11,16,6,6,22,0.272727273,22,,
meb10_nonpermutability_flexible,Nonpermutability,Morphosyntactic,flexible,,,V,15,Mebengokre,10,21,12,1,22,0.545454545,22,,
meb11_nonpermutability_strict,Nonpermutability,Morphosyntactic,Strict,,,V,15,Mebengokre,10,16,7,1,22,0.318181818,22,,
meb12_segmental_suppletion,Suppletive (vowel change etc...),?,,,,V,15,Mebengokre,15,16,2,1,22,0.090909091,22,,
meb13_segmental_allomorphyvalency,Allomorphy of valency-changing prefix,Phonological,,,,V,15,Mebengokre,13,16,4,3,22,0.181818182,22,,
meb14_segmental_palataldrop,First C of morpheme contiguous to person index -> palatal consonant drops,Phonological,,,,V,15,Mebengokre,12,15,4,1,22,0.181818182,22,,
meb15_segmental_suppletionobject,Suppletion for object number (Replacement),Indeterminate,,,,V,15,Mebengokre,13,16,4,3,22,0.181818182,22,,
meb16_noncompositionality,Non-compositionality / Paradigmatic gaps,Morphosyntactic,,,,V,15,Mebengokre,13,16,4,3,22,0.181818182,22,,
meb17_subspan_coordinationmaximal,Subspan repetition,Morphosyntactic,,,Coordination: maximal,V,15,Mebengokre,1,22,22,1,22,1,22,,
meb18_subspan_coordinationminimal,Subspan repetition,Morphosyntactic,,,Coordination: minimal,V,15,Mebengokre,11,16,6,6,22,0.272727273,22,,
meb19_pause,Pause,Phonological,,,,V,15,Mebengokre,11,16,6,6,22,0.272727273,22,,
